id;transaction_id;amount;currency;method;status;gateway_response;reference_number;failure_reason
1;pertain;20758.53;alo;NET_BANKING;SUCCESS;../fake-data/blob/hipster.txt;against;under
2;hornet;17265;pff;DEBIT_CARD;REFUNDED;../fake-data/blob/hipster.txt;meaningfully lest;furthermore wetly marten
3;hence;16068.43;ouc;EMI;PARTIAL_REFUND;../fake-data/blob/hipster.txt;who icy;tough exalt mostly
4;so wrathful;2576.34;gym;CREDIT_CARD;REFUNDED;../fake-data/blob/hipster.txt;haul important forage;menacing huge as
5;outrageous;16522.32;as ;WALLET;PENDING;../fake-data/blob/hipster.txt;operating er;wilderness
6;enormously;31443.53;uh-;PAYPAL;PROCESSING;../fake-data/blob/hipster.txt;motor instantly;stake clavicle
7;and once;22423.59;mea;DEBIT_CARD;REFUNDED;../fake-data/blob/hipster.txt;until;while behind
8;whoever obsess psst;3204.53;fat;WALLET;CANCELLED;../fake-data/blob/hipster.txt;sans compete nervously;whoa fond
9;plus milky;9656.63;lov;DEBIT_CARD;FAILED;../fake-data/blob/hipster.txt;unbearably defensive;ski
10;ferociously but;18956.63;fai;DEBIT_CARD;CANCELLED;../fake-data/blob/hipster.txt;publicize veto;issue continually
